{
  "cabinet": {
    "cabinet_body": {
      "samples": 7917,
      "mean_relative_position": [
        0.009384771808981895,
        0.009243396110832691,
        0.06420990079641342
      ],
      "std_relative_position": [
        0.027295922860503197,
        0.024715527892112732,
        0.03286343440413475
      ],
      "mean_relative_distance": 0.081395223736763,
      "std_relative_distance": 0.010352463461458683,
      "mean_relative_quaternion": [
        -0.049378870483197265,
        -0.7526172602650555,
        -0.6245040601274592,
        0.20278970778923677
      ],
      "position_correlation": [
        [
          0.4497036389948595,
          0.4825527143977635,
          -0.17527651171593323
        ],
        [
          -0.11296427442549245,
          0.8739377735325844,
          0.3915529927005811
        ],
        [
          -0.845691223935049,
          0.357245946979447,
          0.9650263088275614
        ]
      ],
      "quaternion_correlation": [
        [
          0.09754114772050668,
          0.07791080356180381,
          -0.0961114446805664,
          -0.05655725866107347
        ],
        [
          0.42200237937253443,
          0.38140353611975913,
          -0.40658378629712877,
          -0.31889619572355554
        ],
        [
          0.06979287131265019,
          0.062257130908433204,
          -0.022483128998092825,
          0.014124819807947522
        ],
        [
          -0.07308682356807755,
          -0.06144993754724963,
          0.12782526720305748,
          0.130033844971086
        ]
      ],
      "mean_part_position": [
        0.5408241152763367,
        0.08437339216470718,
        0.04446079581975937
      ],
      "std_part_position": [
        0.034091852605342865,
        0.022553740069270134,
        0.019908400252461433
      ],
      "mean_part_quaternion": [
        0.42904928746617,
        -0.541942221336048,
        -0.3184173899317833,
        0.6487108010871658
      ]
    },
    "cabinet_door_left": {
      "samples": 7564,
      "mean_relative_position": [
        0.009430092759430408,
        -0.017761075869202614,
        0.02359088696539402
      ],
      "std_relative_position": [
        0.020352546125650406,
        0.036674629896879196,
        0.018288858234882355
      ],
      "mean_relative_distance": 0.052908360958099365,
      "std_relative_distance": 0.015979833900928497,
      "mean_relative_quaternion": [
        -0.13652519720675702,
        0.08351117791957087,
        0.15496844860949874,
        -0.9748700085784294
      ],
      "position_correlation": [
        [
          0.8233270378709278,
          -0.4911943984881571,
          0.13516258214371682
        ],
        [
          -0.2331281339657573,
          0.5824006884002869,
          0.007298172108370315
        ],
        [
          0.2877725016398926,
          -0.4872411459429419,
          0.9109428396247049
        ]
      ],
      "quaternion_correlation": [
        [
          -0.0375146023042983,
          -0.06436399127935118,
          -0.026859810772415293,
          0.05340746744885991
        ],
        [
          0.3393711101106436,
          0.18482781621099417,
          0.20742584732164793,
          -0.34182594881952094
        ],
        [
          0.0071212436300942435,
          0.02081379746815272,
          0.018984756503992187,
          0.01710506229360862
        ],
        [
          -0.16073183564467688,
          -0.1455254863662902,
          -0.12029179705077091,
          0.18490039570987604
        ]
      ],
      "mean_part_position": [
        0.49852463603019714,
        0.07177789509296417,
        0.05496661365032196
      ],
      "std_part_position": [
        0.06869930773973465,
        0.018847312778234482,
        0.030324691906571388
      ],
      "mean_part_quaternion": [
        -0.19446554753341844,
        -0.02912353950020183,
        -0.03896142363022469,
        -0.9797024945044358
      ]
    },
    "cabinet_door_right": {
      "samples": 6747,
      "mean_relative_position": [
        0.010564194992184639,
        -0.023649370297789574,
        0.024037379771471024
      ],
      "std_relative_position": [
        0.01889958418905735,
        0.021209586411714554,
        0.019473480060696602
      ],
      "mean_relative_distance": 0.04851702228188515,
      "std_relative_distance": 0.009002909064292908,
      "mean_relative_quaternion": [
        -0.1698201770771526,
        0.1205262075067396,
        0.1959495790342612,
        -0.9582475166875325
      ],
      "position_correlation": [
        [
          0.896787901316108,
          -0.6356250415946536,
          0.3460259283930579
        ],
        [
          -0.7931808866383301,
          0.94773240612779,
          -0.599198442502392
        ],
        [
          0.34806249138666817,
          -0.45673091646314207,
          0.9102943276495101
        ]
      ],
      "quaternion_correlation": [
        [
          -0.036310661594433594,
          0.0006409738671645064,
          -0.004845902325360782,
          0.03613286476187747
        ],
        [
          0.4134513311869919,
          0.24972344017188827,
          0.1860761826925577,
          -0.42884022912885117
        ],
        [
          0.13424632928166808,
          0.041809238537895074,
          0.03858993822560173,
          -0.12432133355273
        ],
        [
          -0.04351356888069995,
          -0.11715498199817102,
          -0.03605420550994991,
          0.05650549693269146
        ]
      ],
      "mean_part_position": [
        0.49668648838996887,
        0.12664538621902466,
        0.05988936126232147
      ],
      "std_part_position": [
        0.07010089606046677,
        0.0317106768488884,
        0.02981066145002842
      ],
      "mean_part_quaternion": [
        -0.23357336834343742,
        -0.026690548482977503,
        -0.03573976993841983,
        -0.9713154817396498
      ]
    },
    "cabinet_top": {
      "samples": 7753,
      "mean_relative_position": [
        0.000995546579360962,
        0.0010678030084818602,
        0.004924440290778875
      ],
      "std_relative_position": [
        0.001804748666472733,
        0.0008929981268011034,
        0.004492361564189196
      ],
      "mean_relative_distance": 0.00563900638371706,
      "std_relative_distance": 0.0043380786664783955,
      "mean_relative_quaternion": [
        -0.7109664172282453,
        -0.01285541557664822,
        0.012346454005176213,
        -0.7030000404960745
      ],
      "position_correlation": [
        [
          0.9990043302153986,
          0.781883294294341,
          0.2882551066955491
        ],
        [
          0.7792360515232215,
          0.9999162060856239,
          0.596381643492706
        ],
        [
          0.24568038245773682,
          0.5428191183819996,
          0.9956157744848225
        ]
      ],
      "quaternion_correlation": [
        [
          -0.07488920762807064,
          0.02761069763422254,
          0.03474263062507665,
          -0.00332850851004682
        ],
        [
          -0.30246373425250944,
          -0.07902103738562657,
          -0.07384126194752082,
          -0.2804082306633015
        ],
        [
          -0.07236757807702139,
          0.029408390933161777,
          0.034504456504871946,
          -0.05358305499742326
        ],
        [
          -0.051029483496057695,
          0.10702354846921391,
          0.11072255721875768,
          -0.00679043721929386
        ]
      ],
      "mean_part_position": [
        0.5023263692855835,
        0.048714302480220795,
        0.14198726415634155
      ],
      "std_part_position": [
        0.034380946308374405,
        0.08440431207418442,
        0.04760940372943878
      ],
      "mean_part_quaternion": [
        0.45707520404912816,
        0.542391758249389,
        0.5131881823637185,
        0.4832507919381061
      ]
    }
  }
}